SMILES,True
CC1=C(O)C(=O)C(C)O1,-0.0915149811213502
Cc1c[nH]c(=O)cc1N,-4.431798275933005
CO[Si](OC)(OC)c1ccccc1,1.260071387985075
COc1ccc([N+](=O)[O-])cc1[N+](=O)[O-],-3.0
Nc1ccccn1,1.009450895798694
CCN(CCOC(C)OCC(C)C)c1ccc(N=Nc2ccccc2)cc1,3.1367205671564067
S=C=S,4.437750562820388
CNC(=O)c1ccc(Br)cc1F,-1.9208187539523751
CC1=CC[C@@H](C(C)(C)O)CC1,0.7474118078864233
CN1CCCCC1CCO,0.7058637122839193
CC(=O)N[C@@H](CS)C(=O)O,-5.559090917934783
O[C@@](Cn1cnnn1)(c1ccc(F)cc1F)C(F)(F)c1ccc(-c2ccc(OCC(F)(F)F)cc2)cn1,-6.0
Cc1cc(C)[nH]n1,-0.1549019599857432
CO[Si](OC)(OC)OC,3.255272505103306
CCC(C)C1CCCCC1=O,2.844477175745681
C/C=C/c1ccc(OC)c(OC)c1,-0.3010299956639812
OCCN1CCCCC1,1.52244423350632
Cc1ccc(N(C)CCO)cc1,-0.9393021596463884
CCCCC(CC)CN(CC(CC)CCCC)CC(CC)CCCC,-2.920818753952376
CC(C)(C)c1ccc(O)c(-n2nc3ccccc3n2)c1,-2.537602002101044
Clc1ccc(Br)cc1Cl,0.1139433523068367
CC(C)(C)c1cc(-c2cc(C(C)(C)C)cc(C(C)(C)C)c2O)c(O)c(C(C)(C)C)c1,-4.958607314841775
O=C(NC(=O)c1c(F)cccc1F)Nc1cc(Cl)c(F)c(Cl)c1F,-7.886056647693163
C=CP(=O)(O)O,-4.268411234813262
O=C1OCc2ccccc21,-0.8860566476931633
CO[C@H]1/C=C/O[C@@]2(C)Oc3c(C)c(O)c4c(c3C2=O)C(=O)C(N)=C(NC(=O)/C(C)=C\C=C\[C@H](C)[C@H](O)[C@@H](C)[C@@H](O)[C@@H](C)[C@H](OC(C)=O)[C@@H]1C)C4=O,-5.455931955649724
CCCCCCCCCCCC(=O)OCC(C)(C)C=NCCOCCO,-2.2975694635544746
CCCC1COC(Cn2cncn2)(c2ccc(Cl)cc2Cl)O1,-4.214670164989233
CC(C)=NO,2.383815365980431
CC(O)CSCCCCCCCCC(C)(C)C,-0.2006594505464183
FC(F)CCl,4.819543935541868
O=C(OCCOC(=O)c1ccc2c(c1)C(=O)OC2=O)c1ccc2c(c1)C(=O)OC2=O,-2.7695510786217263
CC(C)COC(=O)Cc1ccccc1,0.5314789170422551
C=CSCCO,1.6766936096248666
C1=CC2C=CC1C2,3.960280464436642
CCCCCC[Si](OC)(OC)OC,2.8260748027008264
C=CC(C#N)OC(C)=O,1.5314789170422551
O=C(NC(=O)c1ccccc1Cl)Nc1ccc(OC(F)(F)F)cc1,-6.3979400086720375
Cn1nc(C(F)F)c(C(=O)F)c1F,-0.0457574905606751
O=C1CC/C=C\CCCCCCCCCC1,-0.721246399047171
C=C(C)C(=O)OCCS(=O)(=O)O,-1.7825160557860935
CCCCOC(=O)CCS,1.8836614351536176
C=C(C)C(=O)OCCCCCCOc1ccc(/C=C/C(=O)OC)cc1,-5.647817481888637
CN(C)C(N)=O,-2.086186147616284
CCOc1ccc(-c2ccc(C)cc2)c(F)c1F,-2.4814860601221125
CCCOC(=O)c1cc(O)c(O)c(O)c1,-4.229147988357856
OCC(O)COC1CCCCC1,-0.958607314841775
CCCCC(CC)C(=O)OCC,2.113943352306837
CC1=CCC(C=CC(C)C(C)O)C1(C)C,-0.0506099933550872
CC(=O)CC(=O)Nc1ccc(NC(=O)CC(C)=O)cc1,-8.4089353929735
C=CCCCCCCCCC(=O)N[C@@H](Cc1ccccc1)C(=O)O,-6.229884705212898
c1cc(N(CC2CO2)CC2CO2)ccc1OCC1CO1,3.1205370146059104
COc1ccc(C(Cl)(c2ccccc2)c2ccc(OC)cc2)cc1,-4.552841968657781
CCNC,4.897462138013063
CCCCCCCCCCCCCCCC(=O)O[C@@H]1C[C@@H](C(=O)O)N(C(=O)CCCCCCCCCCCCCCC)C1,-5.346787486224656
CC(C)=CCC/C(C)=C/CCC(C)CCO,-2.039529222465701
ClC/C=C/c1ccccc1,0.5563025007672873
CCOC(=O)Cc1ccccc1,1.5024271199844328
F[B-](F)(F)[O+]1CCCC1,1.255272505103306
Nc1nc(/C(=N/OC(c2ccccc2)(c2ccccc2)c2ccccc2)C(=O)N[C@@H]2C(=O)N3C(C(=O)OC(c4ccccc4)c4ccccc4)=C(C=O)CS[C@H]23)ns1,1.5024271199844328
CC(C)[C@@H]1CC[C@@H](C)CC1=O,1.9030899869919435
CC(C)=CCC[C@](C)(O)[C@@H]1CC=C(C)CC1,-1.537602002101044
O=C(CCc1ccc(O)cc1)c1c(O)cc(O)cc1O[C@@H]1O[C@H](CO)[C@@H](O)[C@H](O)[C@H]1O,-7.462180904926726
CC(C1CC1)C(O)(Cn1cncn1)c1ccc(Cl)cc1,-4.585026652029182
COc1ccccc1OC,1.9822712330395684
FC(F)c1cc(C(F)F)[nH]n1,0.0791812460476248
COc1cc(C=C(C(C)=O)C(C)=O)cc(OC)c1OC,-4.010105436281227
C=C(C)C(=O)OCC(CCC)CCCCC,0.2041199826559248
CC(C)(C)C1CCC(O)CC1,0.1461280356782379
CCCCCCC(C)(C)C(=O)OCC1CO1,0.1760912590556812
CC1=CC[C@@](O)(C(C)C)CC1,1.9395192526186185
Cn1sccc1=O,0.2041199826559248
C=C(OC(C)=O)c1ccccc1,1.1395642661758498
CCCCCC(C)OC(=O)COc1ccc(Cl)c2cccnc12,-5.274905478918531
CCCCCC#CC(=O)OC,1.1430148002540952
CC(=O)CCCCCl,2.205961823059634
O=CO,3.740046724051494
COCCC(=O)OC,3.2040830660559854
N#CC(CCBr)(c1ccccc1)c1ccccc1,-3.397940008672037
O=[N+]([O-])c1cc(OCc2ccccc2)ccc1C=CN1CCCC1,-6.342944147142896
CC(C)CCCC(C)(C)O,1.57978359661681
Cc1cc(OI)c(C(C)C)cc1-c1cc(C(C)C)c(OI)cc1C,-1.6575773191777938
CC(=O)O[C@@H]1O[C@H](C)[C@@H](OC(C)=O)[C@H]1OC(C)=O,-1.9867413347164835
CCc1ccc(-c2ccc(Br)cc2F)cc1,-1.744727494896694
C1=C\CC/C=C\CC/1,2.824776462475546
COc1ccc2c(c1)C(CC#N)=CCC2,-3.193820026016113
O=C(N[C@H](C(=O)O)C1CCCCC1)OCc1ccccc1,-5.698970004336019
CCOC(=O)CC1C=CCC1,2.146128035678238
C/C=C/c1ccc(OCc2ccccc2)c(OC)c1,-2.4383024673460065
COCc1ccc(COC)cc1,0.1522883443830564
C1CCC2=NCCCN2CC1,0.4771212547196624
CCOC(=O)C(C)C,3.604118006192035
C=CCOC(=O)COc1ccccc1,1.0
CCN(CC)C(=S)SSC(=S)N(CC)CC,-3.5686362358410126
NCCCn1ccnc1,-0.6989700043360187
CC(C)=CC1CC(C)CCO1,1.8864907251724816
O=C(CCCCCCCCCCC(=O)OCCOc1ccc(-c2nc(-c3ccccc3)nc(-c3ccccc3)n2)c(O)c1)OCCOc1ccc(-c2nc(-c3ccccc3)nc(-c3ccccc3)n2)c(O)c1,-7.094204119632131
O=S(=O)(OS(=O)(=O)C(F)(F)F)C(F)(F)F,3.969322706112202
Clc1ncnc2[nH]ccc12,-3.739928612014925
CCCCOC(=O)CCC,2.2764618041732443
BrCBr,3.6720978579357175
O=C1NCCN1CCO,-2.886056647693163
O=C(O)C(F)(F)OC1(F)OC(F)(F)OC1(F)OC(F)(F)F,1.414973347970818
O=S(=O)(O)C(F)(F)F,2.505149978319906
O=C1NC(=O)C2CCCC12,-1.5086383061657274
CC(C#N)NC=O,0.3617278360175928
O=C(O)c1ccccn1,-1.5512936800949202
CCCCCCCCCCCCCCCCCCCCCCOC(=O)c1ccc(O)cc1,-3.795880017344075
C=CC(=O)OCC1CC2CC1C1CCCC21,-2.283996656365201
CCCCCCCC(=O)SCCC[Si](OCC)(OCC)OCC,-2.6989700043360187
CC(C)(C=NCCCCCCN=CC(C)(C)CN1CCOCC1)CN1CCOCC1,-2.25649023527157
CC1(C)S[C@@H]2[C@H](NC(=O)[C@H](N)c3ccc(O)cc3)C(=O)N2[C@H]1C(=O)O,-9.308918507877031
C1=C[C@H]2C[C@@H]1[C@H]1Cc3ccccc3[C@H]12,1.6434526764861874
Cc1ccc(C(=O)CC(=O)C(F)(F)F)cc1,0.2304489213782739
OCC1CCCO1,2.214843848047698
CC(C)(C)c1ccc(OCC2CO2)cc1,-1.5072396109731625
CC1(C)CC(OC(=O)OC2CC(C)(C)N(Sc3ccccc3)C(C)(C)C2)CC(C)(C)N1Sc1ccccc1,-7.487449007095789
FC(F)(F)C(F)(F)C(F)(F)C(F)(F)C(F)(F)C(F)(F)CCSCCCCS,-0.3467874862246563
O=C(Nc1ccccc1)N(Cc1ccc(Cl)cc1)C1CCCC1,-6.031517051446065
C[C@@H]1[C@@H](CN)C[C@H]2C[C@@H]1C2(C)C,1.1139433523068367
Nc1cc(Cl)c(OC(F)(F)C(F)C(F)(F)F)cc1Cl,-0.5228787452803376
COC(=O)C(Br)CBr,2.3010299956639813
CCc1ccc(-c2ccc(-c3ccc(CO)cc3)c(F)c2)cc1,-7.136677139879544
CCCCCCCCCCCCCCCCN,-1.9393021596463884
N[C@@H](COP(=O)(O)O)C(=O)O,-4.745693667668714
CCc1ncc[nH]1,-1.0705810742857078
CC(C)(C)C(=O)OCCc1ccccc1,0.1925674533365456
CC(C)C=NCC1CCCC(CN=CC(C)C)C1,1.7993405494535817
O[C@@H](CS)[C@@H](O)CS,-1.5086383061657274
CC1=CCC(CC#N)C1(C)C,1.9395192526186185
CC(=O)OCCOc1ccc(C(C)(C)c2ccc(OCCOC(C)=O)cc2)cc1,-7.455931955649724
CC(C)Nc1ccc(NC(C)C)c2c1C(=O)c1ccccc1C2=O,-8.27083521030723
O=C(CCCl)c1ccc(Br)cc1,-1.7958800173440752
C=CC1(C)CCC(C(C)(C)O)O1,2.322219294733919
CC(=O)CC(=O)Nc1ccccc1C,-3.8538719643217614
O=C1CCC(C2CCC(c3ccc(F)c(F)c3)CC2)CC1,-3.619788758288575
O=C1CCCCCCCCCCC(=O)OCCO1,-1.5528419686577808
CCCCC(CC)COP(=O)(OCC(CC)CCCC)OCC(CC)CCCC,-4.301029995663981
C=CC(O)C(=O)OC,2.089905111439398
CC1=NN(c2ccccc2)C(=O)C1N=Nc1ccccc1,-5.886056647693163
CC(C)C(=O)c1ccccc1,1.1613680022349748
CC1(C)COP(=S)(OP2(=S)OCC(C)(C)CO2)OC1,-5.468521082957745
CC1(C)C(=O)[C@]2(C)CC[C@H]1C2,2.4866146430072025
CCCCOC(=O)CC(CC(=O)OCCCC)(OC(C)=O)C(=O)OCCCC,-4.769551078621726
CCO[Si](C)(CCCOCC1CO1)OCC,-0.3767507096020995
CCCCCCCCCCCC(=O)OCC(C)(C)C=NCCCCCCN=CC(C)(C)COC(=O)CCCCCCCCCCC,-2.896196279044043
NCCCNCCN,0.7781512503836436
COC1CCCCCCCCCCC1,0.8976270912904415
C=COC(=O)CC,3.7363965022766426
O=S(=O)(Nc1ccc(O)cc1)c1ccccc1,-6.958607314841775
CCOC1C(C)CCCC1C,2.534026106056135
CCOC(=O)C1CC(=O)NN1c1ncccc1Cl,-4.61261017366127
Cc1ccc2c(c1)NCCO2,0.021189299069938
C=CCOC(=O)C(C)(C)O,2.146128035678238
C=COC1CCCCC1,2.7634279935629373
CCOC(=O)C1CCC(C)CC1=O,1.4440447959180762
CC(=O)OCCC(C)(C)O,1.0413926851582251
CCN1CCCCCC1=O,0.9444826721501688
CN(CCO[N+](=O)[O-])[N+](=O)[O-],-1.593459819566045
CC(=O)C1CCc2cc(F)ccc2O1,-0.4202164033831898
CCC(COC(=O)CCS)(COC(=O)CCS)COC(=O)CCS,-4.6777807052660805
COC(=O)c1ccc(O)cc1,-4.259637310505756
CO[C@H]1OC[C@@H]2OC(=O)C[C@H]12,-1.3233063903751334
O=[N+]([O-])c1cc(Cl)c(OC(F)(F)C(F)C(F)(F)F)cc1Cl,-1.0
CC1CCC(=O)CC1,2.598790506763115
CCCC1CCC(c2ccc(OCC)c(F)c2F)CC1,-3.5686362358410126
C=CC(CC)CO,2.1760912590556813
CC(C)COC(=O)C(C)C,2.4899584794248346
COC(=O)C(=Cc1ccc(OC)cc1)C(=O)OC,-3.283996656365201
C=C(Cl)C(=O)OCCC(F)(F)C(F)(F)C(F)(F)C(F)(F)C(F)(F)C(F)(F)F,0.9294189257142929
CCCCCCCC/C=C\CCCCCCCC(=O)NCC(C)O,-5.616184634019569
CCCSP(=O)(OCC)Oc1ccc(Br)cc1Cl,-3.9208187539523753
CCCCOC(N)=O,2.515873843711679
CC(C)(C=NCC1(C)CC(N=CC(C)(C)CN2CCOCC2)CC(C)(C)C1)CN1CCOCC1,-1.9665762445130504
CC1(C)CC(NCCC#N)CC(C)(CNCCC#N)C1,-3.376750709602203
CC(=O)CC(=O)Nc1ccc(C)cc1C,-4.031517051446065
C=CCC#CCCCCC,2.130333768495006
c1ccc(C2CC3C4CC(c5ccccc5OCC5CO5)C(C4)C3C2)c(OCC2CO2)c1,-3.369572124974976
Fc1ccc(C2=CCC(C3CCC4(CC3)OCCO4)CC2)cc1F,-4.958607314841775
CC(C)(/C=N/C1CCC(CC2CCC(/N=C/C(C)(C)CN3CCOCC3)CC2)CC1)CN1CCOCC1,-2.0589857562944305
COc1ccc(CN2CCNCC2)c(OC)c1OC,-2.6020599913279625
NP(N)(=O)Oc1ccccc1,-2.7825160557860937
Cc1ccc(C(N)=O)c(O)c1,-3.769551078621726
CC(C)[C@@H]1CC[C@@H](C)C[C@@H]1O,0.5563025007672873
CC(=O)CO,2.954724790979063
O=[N+]([O-])c1ccc(Cl)c([N+](=O)[O-])c1,-5.590066876668706
CC1(C)CC2(CC(C)(C)N1)OC1(CCCCCCCCCCC1)NC2=O,-6.920818753952375
CC(C)CC(C)c1ccccc1N,-1.744727494896694
CCCC1CCC(C2CCC(OC)CC2)CC1,-1.431798275933005
O=P(Cl)(Cl)Oc1ccccc1,0.367355921026019
S=C1NCCN1,-4.619788758288394
O=S1(=O)CS(=O)(=O)OCO1,-2.4436974992327127
CCN(C)C,0.1461280356782379
OC(Cn1ccnc1)c1ccc(Cl)cc1Cl,-6.55129368009492
CCOC(=O)c1nn(-c2ccc(OC)cc2)c2c1CCN(c1ccc([N+](=O)[O-])cc1)C2=O,-7.585026652029182
CCC(C)(C)C(=O)OC1=C(c2ccc(Cl)cc2Cl)C(=O)OC12CCCCC2,-6.186419011431808
CC(C)(C)N(CCO)CCO,-0.4436974992327127
ICCCI,2.59659709562646
O=C(OCC1CO1)C1CC=CCC1C(=O)OCC1CO1,-3.958607314841775
CCCCC(CC)COCC(O)COc1ccc(-c2nc(-c3ccc(C)cc3C)nc(-c3ccc(C)cc3C)n2)c(O)c1,-9.522878745280336
CC1CCCCCCCCCCCCC(=O)C1,-1.3872161432802643
C#CC1(O)CCCCC1,1.9030899869919435
Cc1cc(C(C)(C)C)c(OP2OCC3(CO2)COP(Oc2c(C(C)(C)C)cc(C)cc2C(C)(C)C)OC3)c(C(C)(C)C)c1,-6.958607314841775
C=C(CC(=O)OCCCC)C(=O)OCCCC,-0.721246399047171
Cc1nc2ccccn2c(=O)c1CCCl,-3.721246399047171
FC(F)=C(F)OC(F)(F)C(F)(OC(F)(F)C(F)(F)C(F)(F)F)C(F)(F)F,3.778151250383644
COC1CC2CC1C1C=CCC21,1.9084850188786493
CC1CNC(=O)O1,0.4313637641589873
CC1=CCC(CCC(C)CO)C1(C)C,0.3010299956639812
CCCCCCC(CCCC)COC(=O)c1ccccc1O,1.146128035678238
CCOC(=O)C1CCCO1,2.307496037913213
CC1=CC[C@@H]2[C@H](C1)C2(C)C,2.549003262025788
C=C(C)C(=O)OCCCCCCCCCCCCOC(=O)C(=C)C,-2.7958800173440754
CC(O)CN(C)CC(C)O,0.380211241711606
CCCCCCCCCCCOC1O[C@H](CO)[C@@H](O)[C@H](O)[C@H]1O,-7.769551078621726
CC(=O)OCC(F)F,3.832508912706236
C[SiH](C)C,3.278753600952829
C[Si](C)(C)O[Si](C)(O[Si](C)(C)C)O[Si](C)(C)C,2.322219294733919
CCc1cc(C)cc(CC)c1C(C(N)=O)C(N)=O,-6.481486060122113
CCCC1CCC(C2CCC(c3ccc(OCC)c(F)c3F)CC2)CC1,-2.42021640338319
CC(C)(C#N)CC1=CCC2CC1C2(C)C,0.5314789170422551
C/C(=C\c1ccc(C)cc1)CO,-1.2676062401770316
C=CC(=O)OC1C=CC2C3CCC(C3)C12,0.1461280356782379
Cc1cc(Cl)ccc1OC(C)C(=O)O,-2.785156151952302
CCCCCCCCCCC(CCCCCCCC)COC(=O)CC(O)(CC(=O)OCC(CCCCCCCC)CCCCCCCCCC)C(=O)OCC(CCCCCCCC)CCCCCCCCCC,-3.769551078621726
O=Cc1ccc(C=O)cc1,-0.3372421683184259
COC(C)CCO,1.5185139398778875
C=C(C)C(=O)OCCOP(=O)([O-])OCC[N+](C)(C)C,-12.096910013008056
CCOC(=O)CC(C)C,3.1367205671564067
CC(C)=CCCC(C)C=O,2.378397900948137
OCC(O)CCl,1.9395192526186185
Cc1ccc(S(=O)(=O)n2cc(B3OC(C)(C)C(C)(C)O3)c3cc(F)cnc32)cc1,-6.721246399047171
CCOc1ccccc1OCC,1.1139433523068367
CCc1ncc(C)[nH]1,-1.2839966563652008
N#Cc1ccc(N=C(N)N)cc1,-6.886056647693163
CCCCCC(CO)Cc1ccccc1,1.0
CCC(C)N,4.434089638417891
CCCCOC(=O)/C=C/C(=O)OCCCC,-0.4907974776688971
CC(=O)c1ccc2c(c1)CCCC2,-0.744727494896694
CNC(C)C,4.575187844927661
CCN(CCC#N)c1ccc(N=Nc2ccc([N+](=O)[O-])cc2C#N)cc1,-3.307329300843631
CCO[Si](CCCNC=O)(OCC)OCC,-2.113509274827518
CCC=CCC1C(=O)CCC1CC(=O)OC,-1.1972262747080242
CCCc1nc2c(C)cc(-c3nc4ccccc4n3C)cc2[nH]1,-9.962573502059376
NCCCOCCCCOCCCN,-0.958607314841775
C=CC(=O)OCCOCCOCCOCCOC(=O)C=C,-3.508638306165728
CC12CCC(C1)C(C)(C)C2O,1.6531159931655668
Nc1cccc(Oc2ccc(-c3ccc(Oc4cccc(N)c4)cc3)cc2)c1,-4.221848749616356
Nc1ccc(OC(F)(F)F)cc1,1.6875289612146345
OCCOc1ccccc1,0.3117538610557542
CC(N)COC(C)(C)OCC(C)N,0.9030899869919436
C=C(OCC)C1C(C)(C)CC(=O)CC1(C)C,-0.0604807473813814
C=C[Si](O[C@@H](C)C(=O)OCC)(O[C@@H](C)C(=O)OCC)O[C@@H](C)C(=O)OCC,-1.9956786262173567
CC1(C)CCC[C@]2(C)[C@H]3CCO[C@]3(C)CC[C@@H]12,-1.1804560644581312
N=C1N=C(N)c2ccccc21,-2.441291429466834
CC(O)COC(C)CO,-0.8696662315049939
Cc1cc(O)c(C)c(C)c1O,-3.0757207139381184
Nc1ncccc1Br,0.255272505103306
Cc1ccc(C2OC[C@@H]3OC(c4ccc(C)c(C)c4)O[C@H]([C@H](O)CO)[C@@H]3O2)cc1C,-6.0
c1ccc(CN(Cc2ccccc2)Cc2ccccc2)cc1,-4.1938200260161125
Cc1cccc(C)c1N,1.3010299956639813
CC(C)c1ccc(Cl)cc1CNC1CC1,-0.6382721639824072
CN(C)CCN(C)CCO,1.7596678446896306
C=C1CC/C=C(\C)CC[C@@H]2[C@@H]1CC2(C)C,0.9542425094393248
CC(=O)Oc1cccc(OC(C)=O)c1,0.2624510897304295
C=CN(C)C(C)=O,2.3891660843645326
CN1CCN(C)CCN(C)CC1,2.089905111439398
CC(C)OC(=O)[C@H](C)N[P@](=O)(Oc1ccccc1)Oc1c(F)c(F)c(F)c(F)c1F,-4.455931955649724
COc1ccc(CC(C#N)C(=O)O)cc1OC,-5.275724130399211
CC(C)(C)CC(C)(C)c1ccc(Oc2ccc(C(C)(C)CC(C)(C)C)cc2)cc1,-3.521433504406157
Cc1cc(C#N)c(Nc2ccccc2[N+](=O)[O-])s1,-4.086186147616283
C=CCCCCCCCCC(=O)OC,2.322219294733919
CC(CC(C)C)=NCCN=C(C)CC(C)C,0.119915410257991
CC(C)(O)C(=O)c1ccccc1,0.0
CN(C)C=Nc1ccc(NC(=S)NC(C)(C)CO)cc1C#N,-4.327902142064283
O=C(CCS)OCCOC(=O)CCS,0.4548448600085102
COC1CCCC1,3.630427875025024
CCC(C)=NO[Si](ON=C(C)CC)(ON=C(C)CC)ON=C(C)CC,-2.616184634019569
CCCC(C)C1OCC(C)(CCC)CO1,0.7075701760979364
O=C(/C=C/c1ccccc1)OCc1ccccc1,0.9542425094393248
CCCCC(CC)CNCC(CC)CCCC,-0.4202164033831898
C=C(C)C(=O)OCCOC(=O)c1c(CC(O)CCl)cccc1C(=O)O,-1.431798275933005
Cc1ncc(CN)c(N)n1,-1.728158393463501
CC(=O)CC(=O)OC(C)C,1.7160033436347992
C=C(CCC=C(C)C)[C@@H]1CC=C(C)CC1,-0.0457574905606751
CCC(=O)OC,4.051152522447381
CCCCCCCCCCCC(=O)N(C)CC(=O)OC(C)C,-3.8538719643217614
CC1=C2CC(C=O)C(C1)C(C(C)C)C2,0.3884564527002667
COC(=O)CCCC(=O)OC,1.146128035678238
CC(C1CC1)C(O)c1ccc(Cl)cc1,-1.0506099933550872
O=C(O)C(CCBr)(c1ccccc1)c1ccccc1,-3.677780705266081
CCCCOC(=O)C1C(C(=O)OCCCC)C2(Cl)C(Cl)=C(Cl)C1(Cl)C2(Cl)Cl,3.2273724422896364
Cc1c(C#N)c(O)n(C)c(=O)c1N=Nc1ccc(Cl)c(Cl)c1,-6.0
Fc1ccc(Oc2ccnc3cc(Cl)cc(Cl)c23)cc1,-4.698970004336019
CCCCC(CC)COC(=O)/C=C/C(=O)OCC(CC)CCCC,-3.204119982655925
C=C[Si](ON=C(C)CC)(ON=C(C)CC)ON=C(C)CC,-1.473660722610156
CN1c2ccccc2C(=O)c2ccc(Cl)cc2S1(=O)=O,-6.657577319177793
C[Si](C)O[Si](C)C,4.2552725051033065
C[Si](C)(C)NC(=O)N[Si](C)(C)C,-2.078313524516398
CCOC(C)(C)C,4.230448921378274
CCC(CC)C(=O)N(C)c1cccc(OC)c1,-1.359518563029578
O=C(Nc1ccnc(=O)[nH]1)c1ccccc1,-4.443697499232713
CCCCCCCOCC(C)CC=O,1.9590413923210936
FC(F)CNCc1ccc(Cl)nc1,-1.3665315444204136
CC(=O)NNC(C)=O,-3.744727494896694
C1CCCCCCC1,2.8698182079793284
COP(=S)(OC)Oc1ccc([N+](=O)[O-])c(C)c1,-2.8041003475907664
CC(C)OCCO,2.7774268223893115
COc1ccc(CC(C)C=O)cc1,-0.4559319556497244
CCCCCCOc1ccc(-c2nc(-c3ccccc3)nc(-c3ccccc3)n2)c(O)c1,-9.045757490560677
Cc1cccc(C)c1NC(=O)CN1CCNCC1,-4.316052869248488
COCCOCCCn1c(=O)c2c(N)c3c(=O)c4ccccc4c(=O)c3c(N)c2c1=O,-5.568636235841013
CC(=O)OC/C=C/c1ccccc1,1.3222192947339193
COC(=O)c1ccccc1-c1ccc(CBr)cc1,-2.628932137728264
CCCCCOC(=O)c1c(Cl)c(Cl)cc(Cl)c1OC(=O)C(=O)Oc1c(Cl)cc(Cl)c(Cl)c1C(=O)OCCCCC,-5.523081463343121
O=C1CCCCCCCCCCOCCCCO1,-1.2403321553103694
CN[C@@H](C)c1cccc(O)c1,-3.863279432843593
CCOC(=O)[C@H]1C2CCC(CC2)[C@@H]1Nc1nc(Cl)ncc1F,-5.366531544420414
C/C=C/c1ccc(OC(C)=O)c(OC)c1,-1.154901959985743
COc1ccc(-c2cc(=O)c3c(O)cc(O)cc3o2)cc1O,-4.978810700930062
C=CCc1ccc(OC(C)=O)c(OC)c1,-1.0457574905606752
[S],-3.677780705266081
Cc1nc(CCl)nc2ccccc12,-3.2284125191187445
COc1ccc(C(=O)c2ccccc2O)c(O)c1,-4.026872146400302
C=CCCCCCCO,2.1903316981702914
CC(=O)CSc1ccc(Cl)cc1,-0.6777807052660807
CCCCCCOP(=O)(OCCCCCC)OCCCCCC,-2.987162775294828
O=C/C(F)=C/N1CCOCC1,-2.6020599913279625
CCCCCCCC[N+](C)(C)[B-](Cl)(Cl)Cl,-1.6777807052660807
COC(=O)CN(CC(=O)OC)c1cc(NC(C)=O)c(N=Nc2c(Br)cc([N+](=O)[O-])cc2[N+](=O)[O-])cc1OC,-4.853871964321762
N#Cc1ccc(N)cc1,-2.337242168318426
NCCCN(CCO)CCO,-2.958607314841775
Cc1c(C)c2c(c(C)c1OC(=O)c1cccnc1)CCC(C)(CCCC(C)CCCC(C)CCCC(C)C)O2,-5.657577319177793
COC(=O)CCC(C)C(=O)OC,1.021189299069938
C=C[Si](C)(C)Cl,4.079181246047625
CCOC(=O)COC(=O)c1ccccc1C(=O)OCC,-2.826813731587726
Nc1nc2c(s1)CC(N)CC2,-5.251811972993799
CCCCCCCCCCCCCCCC/C=C/C1CC(=O)N(CCNCCNCCNCCN2C(=O)CC(/C=C/CCCCCCCCCCCCCCCC)C2=O)C1=O,-6.691222226335279
CC(=O)OC(CC(C)C)CC(C)C,2.531478917042256
CCC(=O)N(c1ccccc1)C1CCNCC1,-2.7958800173440754
CC[Si](OC(C)=O)(OC(C)=O)OC(C)=O,0.6954816764901974
O=C(n1ccnc1)n1ccnc1,-1.9208187539523751
CCCCCC=CCC(CC(=O)O)C(=O)O,-2.7958800173440754
CCCCC(CC)COC(=O)C(=Cc1cc(OC)c(O)c(OC)c1)C(=O)OCC(CC)CCCC,-3.958607314841775
c1ccc(-c2noc(-c3cccs3)n2)cc1,-4.110138278741812
O=C(O)CCSCCC(=O)O,-2.3526170298853804
N#CCCN(CCOC(=O)c1ccccc1)c1ccc(N=Nc2ccc([N+](=O)[O-])cc2)cc1,-3.677780705266081
C=CCC(=CCC1CC(=O)OC1=O)CC=C,1.5987905067631152
CCCCCCCCNc1ccncc1,-2.431798275933005
CCC(C)C(C)C(C)CCc1ccc(O)cc1,-1.958607314841775
NCCCNC1CCCCC1,0.8512583487190752
N#CCN(CC#N)CC#N,-3.98296666070122
C=C(Br)C(F)(F)F,4.913813852383717
CC(C)c1nc(CN(C)C(=O)N[C@H](C(=O)ON2C(=O)CCC2=O)C(C)C)cs1,-4.337242168318426
Cc1ccc(N(CC(C)O)CC(C)O)cc1,-3.283996656365201
CC(C)C(=O)Nc1nc(-c2ccc(O)cc2O)cs1,-8.467245621007502
CC(=O)OCc1ccc2c(c1)OCO2,-0.6055483191737837
O/N=C/c1ccccn1,-1.3829996588791011
O=C(O)c1ccc(Cl)cc1,-3.4814860601221125
O=Cc1ccc(O)cc1,-2.3872161432802645
N#Cc1ncc(N)cc1C(F)(F)F,-3.657577319177794
O=C1OCC(F)O1,1.7075701760979365
CC(O)COC(C)COC(C)COCCN(CCOCC(C)OCC(C)OCC(C)O)CCOC(C)COC(C)COC(C)CO,-2.0
C=C(C)C(=O)OCCOc1ccccc1,-0.4559319556497244
COc1ccc(CCC(=O)c2c(O)cc(O[C@@H]3O[C@H](CO)[C@@H](O)[C@H](O)[C@H]3O[C@@H]3O[C@@H](C)[C@H](O)[C@@H](O)[C@H]3O)cc2O)cc1O,-9.712198270069774
C=CCOCCO,2.26528962586083
CCCCC(CC)CO,2.0791812460476247
CC(C)CC1(C)OCC(CO)O1,1.6020599913279625
CC1(C)OC(c2ccco2)CN1C(=O)C(Cl)Cl,-3.0535846515868665
O=C(O)c1ccc(O)cc1,-4.675717544702307
CCCOC(=O)c1ccc(O)cc1,-3.086186147616284
ClC1CCCC1,3.653212513775344
O=C(O)c1ccc(O)cc1O,-5.049635145623877
c1cc(N(CC2CO2)CC2CO2)ccc1Cc1ccc(N(CC2CO2)CC2CO2)cc1,-8.619788758288394
CC(C)C1OCCN1CCOC(=O)NCCCCCCNC(=O)OCCN1CCOC1C(C)C,-3.08196966321512
Cc1ccc(S(=O)(=O)c2ccc(O)c(O)c2)cc1,-7.552841968657781
Nc1ccc(C(c2ccc(N)cc2)c2ccc(N)cc2)cc1,-8.092051478387727
CC(C)CCCC(C)CCCC(C)CCCC(C)(O)C(O)CO,-3.586700235918748
CC(C)(C)OC(=O)NC1(C(=O)O)CCC1,-3.494850021680094
CN=C(NCC1CCOC1)N[N+](=O)[O-],-4.301029995663981
C=CC(C)CCC=C(C)C,2.7259116322950483
O=C1CCCCCCC/C=C/CCCCCCO1,-1.6777807052660807
CCOC(OCC)[SiH2]CCCN([Si](C)(C)C)[Si](C)(C)C,-0.3133637307377066
CC(=O)On1ccccc1=O,-1.7700623140920662
CC(C)COC(=O)CCCCC(=O)OCC(C)C,1.3138672203691537
C=CC1CCC(C2CCC(CCCCC)CC2)CC1,-2.1739251972991736
O=C(O)/C=C\C(=O)O,-2.749579997691106
Oc1cc(Cl)cc(Br)c1,-2.1804560644581312
COc1ccc(CCC#N)cc1OC,-2.920818753952376
CCN(CC)c1ccc(C(=O)c2ccc(N(CC)CC)cc2)cc1,-7.142667503568732
CCCCC(CC)COC(=O)C1CCC2OC2C1,-1.3279021420642825
CC(O)C#CC(C)O,-0.5228787452803376
CC(C)C1CCC(O)CC1,0.7993405494535817
CCC(COCCO)(COCCO)COCCO,-3.3736596326249577
c1ccc2c(c1)CC1COCOC21,-0.4559319556497244
OCC(CO)(CBr)CBr,-2.6989700043360187
O=C(O)CS,1.2041199826559248
C=C[Si](C)(C)O[Si](C)(C)C=C,3.230448921378274
O=P(N1CCOCC1)(N1CCOCC1)N1CCOCC1,-5.721246399047171
CCCCCCCCCCCCCCCCCC(=O)NCCCN(C)CCCNC(=O)CCCCCCCCCCCCCCCCC,-5.638272163982407
COC(OC)C(C)(C)CC=C(C)C,1.4913616938342726
CN(C)CCOCCN(C)CCO,1.0
CCCCCCOC(=O)CCC,1.740362689494244
COc1cc(NC(=O)CC(C)=O)c(OC)cc1Cl,-4.508638306165727
CNC(=S)NN,-4.161150909262744
CCCCN(CCO)CCCC,0.9030899869919436
CC(c1ccccc1)c1ccccc1,-0.815677734422843
C=CCCC(=O)CC1CC2CCC1C2,0.380211241711606
CCN(CC)CC(C)O,2.7972675408307164
NCCCNCCNCCCN,2.414973347970818
C=C(C)C(=O)OCCN1CCOC1,0.3010299956639812
OCCOCC#CCOCCO,-2.5850266520291822
CCC1(C)CC(=O)C(C)C(C)(CC)N1OC(C)c1ccccc1,-2.6020599913279625
CCCCCCCCCC(=O)OOC(=O)CCCCCCCCC,-1.0
CCCCOC(=O)C(C)OC(=O)CCC,0.5797835966168101
COC(C)(C)C,4.518513939877888
CCO[Si](C)(C)OCC,3.4367985102318035
CC(C)c1cc(C(C)C)c(N=C=O)c(C(C)C)c1N=C=O,-1.585026652029182
O=C(O)CC(Sc1nc2ccccc2s1)C(=O)O,-4.216811308924743
CCCCCCCCCCCCC1CC(=O)N(C2CC(C)(C)NC(C)(C)C2)C1=O,-4.130768280269024
CC(C)(C)C(=O)OC[C@H]1O[C@H](Br)[C@H](OC(=O)C(C)(C)C)[C@@H](OC(=O)C(C)(C)C)[C@@H]1OC(=O)C(C)(C)C,-5.958607314841775
CC(C)=CCOCC(O)COCC=C(C)C,-0.6575773191777937
COC(=O)Cc1ccccc1,2.0
OCCN1CCOCC1,1.0413926851582251
CC(C)(C)c1ccc2c(c1)C1(c3ccccc3-c3ccc(-c4ccc(N(c5ccc6c(c5)C(C)(C)c5ccccc5-6)c5ccccc5-c5ccccc5)cc4)cc31)c1cc(C(C)(C)C)ccc1-2,-7.050609993355088
CC/C=C\CCOC(C)=O,2.330413773349191
CS(=O)(=O)c1ccc(C=O)c(C(F)(F)F)c1,-3.154901959985743
OB(O)c1cccc(F)c1,-5.958607314841775
CN(CCCN)CCCN,0.6627578316815741
CC1=CC(=O)N(Cc2cccc(CN3C(=O)C=C(C)C3=O)c2)C1=O,-4.301029995663981
O=C(CCS)OCCn1c(=O)n(CCOC(=O)CCS)c(=O)n(CCOC(=O)CCS)c1=O,-3.9208187539523753
C/C=C/C(=O)C1C(C)=CCCC1(C)C,0.505149978319906
CCCCCCC1(C)CCC(=O)O1,1.7781512503836436
CC(C)(C)c1cc(C(C)(C)C)c2op(OCCN(CCOp3oc4c(C(C)(C)C)cc(C(C)(C)C)cc4c4cc(C(C)(C)C)cc(C(C)(C)C)c4o3)CCOp3oc4c(C(C)(C)C)cc(C(C)(C)C)cc4c4cc(C(C)(C)C)cc(C(C)(C)C)c4o3)oc3c(C(C)(C)C)cc(C(C)(C)C)cc3c2c1,-10.397940008672036
CCOC(=O)CC(CC(C)=O)C(=O)OCC,-0.619788758288394
c1ccc2c(NCCCN3CCOCC3)cccc2c1,-2.853871964321762
C=CC(C)(CCC=C(C)C)OC=O,1.5185139398778875
CCCCCCC(C)=O,2.6306922361534424
CCCCCCCCCCCCCCCCOC(C)=O,-2.318758762624413
O=C(O)CC(C(=O)O)c1ccccc1,-3.191789027075778
O=C1OC(=O)C2CCCCC12,-0.5086383061657274
CCCCCCCCN(CCO)CCO,-1.8860566476931635
CCOC(=O)N(CC)c1ccccc1,0.3961993470957364
O=C(C(F)(F)F)C(F)(C(F)(F)F)C(F)(F)F,4.976160168727436
O=Cc1ccccc1C=O,-0.2518119729937995
O=C(O)c1cc(Br)nn1-c1ncccc1Cl,-6.881702198667224
CCCCCCCCCC(C)C=O,0.6532125137753437
O=C[C@H](O)[C@@H](O)[C@@H](O)CO,-7.198116292874761
C#C[C@]1(OC(C)=O)CC[C@H]2[C@@H]3CC=C4C=C(OCC)CC[C@@H]4[C@H]3CC[C@@]21C,-5.468521082957745
CCCCCCOC(=O)CC,2.278753600952829
C=CC1COC(CC(C)C)O1,2.3364597338485296
CCCCC(CC)CO[P+](=O)OCC(CC)CCCC,-3.522878745280338
N#Cc1cccc([N+](=O)[O-])c1C#N,-4.698970004336019
NCC1C2CCC(C2)C1CN,1.3222192947339193
CCOC(=O)CC(C)=O,1.6232492903979006
C=CC(=O)OCCCCOC(=O)C=C,-0.0409586076789063
O=Cc1ccccc1Cl,0.919078092376074
O=C=NCC1CCCC(CN=C=O)C1,-0.6989700043360187
Oc1ccc(Cl)cc1,0.8808135922807914
Nc1ccc([N+](=O)[O-])c(C(=O)O)c1,-8.10790539730952
CCC1CCC(c2ccc(O)cc2)OC1,-3.795880017344075
CC(C)[C@@H]1CC[C@@H](C)C[C@H]1C(=O)NCCc1ccccn1,-3.522878745280338
CC(=O)CC(=O)Nc1ccccc1,-3.795880017344075
C=COCCCN,2.8260748027008264
FC(F)OC(F)(C(F)(F)F)C(F)(F)Cl,4.56925683332861
CC1=CCCC2(C)C(OC=O)C(C)CCC12C,-0.1938200260161128
CCCCC(=O)c1ccc(C2CCC(CCC)CC2)cc1,-4.187086643357144
CC(CC(C)(C)C)CP(=O)(O)CC(C)CC(C)(C)C,-2.619788758288394
OC/C(Br)=C(\Br)CO,-2.368556230986828
CCCCCCCCCOC(=O)c1ccc(C(=O)OCCCCCCCCC)c(C(=O)OCCCCCCCCC)c1,-7.1249387366083
COc1cc(NS(=O)(=O)c2ccccc2)c2c(c1N)C(=O)c1ccccc1C2=O,-10.43297363384094
O=C(O)C1COc2ccccc2O1,-3.494850021680094
CC(=O)O[C@@H]1C[C@H](C)CC[C@H]1C(C)C,1.7853298350107671
CC[Si](C#CCCO[Si](CC)(CC)CC)(CC)CC,-0.6020599913279624
C=CC(C)(CCC=C(C)C)OC(=O)CC,0.9912260756924948
CC1CCC(=O)O1,1.6434526764861874
CCC(CO)(CO)C(=O)O,-4.795880017344075
O=C(CS)OCC(COC(=O)CS)(COC(=O)CS)COC(=O)CS,-2.958607314841775
CCC(=O)OCc1ccccc1,1.0791812460476249
CCCCCCN(CCCCCC)CCCCCC,-0.3279021420642826
CCCC[C@H]1CO[C@H](c2ccc(Br)cc2)OC1,-3.136677139879544
CC(C)(C)Cl,4.599883072073688
O=S1(=O)C=CCO1,-1.7535999098457151
CCCC1CCC(c2cc(C(C)(C)C)c(O)c(C(C)(C)C)c2)CC1,-4.318758762624412
CC(C)C=NCC1(C)CC(N=CC(C)C)CC(C)(C)C1,-0.6777807052660807
N#CCCCCCCC#N,-1.0457574905606752
CCOC(=O)[C@@H](N)[C@@H](C)O,-0.0947439512515487
OC1CCc2[nH]c3ccccc3c2C1,-4.091514981121351
C=CC1CCCCC1,3.392696953259666
c1ccc(COP(OCc2ccccc2)OCc2ccccc2)cc1,-4.096910013008056
CCOC=C(C(=O)OCC)C(=O)OCC,-1.0861861476162833
O=C(O)CCCCCCCCCCCCCCC(=O)N[C@@H](CCC(=O)ON1C(=O)CCC1=O)C(=O)O,-2.619788758288394
CC1(C)CC(=O)CC(C)(C)N1[O],0.3529539117100877
CO[Si](CCCNC(=O)OCCCCCCOC(=O)NCCC[Si](OC)(OC)OC)(OC)OC,-2.677780705266081
O=S1(=O)OCCO1,0.2304489213782739
O=C1CCO1,2.656380737050616
CC(C)(C)CC(C)(C)SSSC(C)(C)CC(C)(C)C,-1.530177984021837
CC(=O)O[Si](C)(OC(C)=O)OC(C)=O,0.9247959957979122
O=CN1CCOCC1,0.6989700043360189
C/C=C/CCC1CCCC(=O)O1,-0.6575773191777937